{
	"start":	{
		"connected":	[{
				"socket":	5,
				"local_host":	"192.168.0.176",
				"local_port":	36789,
				"remote_host":	"192.168.0.175",
				"remote_port":	5000
			}],
		"version":	"iperf 3.7",
		"system_info":	"Linux EB228-EE10726 5.18.8 #1 SMP PREEMPT_DYNAMIC Thu Jun 30 12:06:13 MDT 2022 x86_64",
		"timestamp":	{
			"time":	"Thu, 28 Jul 2022 14:25:58 GMT",
			"timesecs":	1659018358
		},
		"connecting_to":	{
			"host":	"192.168.0.175",
			"port":	5000
		},
		"cookie":	"2tmpfm2ba7dyem4oxcm72ts5pf7ravmn52lu",
		"tcp_mss_default":	1448,
		"target_bitrate":	5000000,
		"sock_bufsize":	0,
		"sndbuf_actual":	16384,
		"rcvbuf_actual":	131072,
		"test_start":	{
			"protocol":	"TCP",
			"num_streams":	1,
			"blksize":	131072,
			"omit":	0,
			"duration":	60,
			"bytes":	0,
			"blocks":	0,
			"reverse":	0,
			"tos":	0
		}
	},
	"intervals":	[{
			"streams":	[{
					"socket":	5,
					"start":	0,
					"end":	1.000117,
					"seconds":	1.0001169443130493,
					"bytes":	634336,
					"bits_per_second":	5074094.6134910779,
					"retransmits":	0,
					"snd_cwnd":	137560,
					"rtt":	12723,
					"rttvar":	129,
					"pmtu":	1500,
					"omitted":	false,
					"sender":	true
				}],
			"sum":	{
				"start":	0,
				"end":	1.000117,
				"seconds":	1.0001169443130493,
				"bytes":	634336,
				"bits_per_second":	5074094.6134910779,
				"retransmits":	0,
				"omitted":	false,
				"sender":	true
			}
		}, {
			"streams":	[{
					"socket":	5,
					"start":	1.000117,
					"end":	2.000126,
					"seconds":	1.0000089406967163,
					"bytes":	131072,
					"bits_per_second":	1048566.6250838183,
					"retransmits":	3,
					"snd_cwnd":	1448,
					"rtt":	12723,
					"rttvar":	129,
					"pmtu":	1500,
					"omitted":	false,
					"sender":	true
				}],
			"sum":	{
				"start":	1.000117,
				"end":	2.000126,
				"seconds":	1.0000089406967163,
				"bytes":	131072,
				"bits_per_second":	1048566.6250838183,
				"retransmits":	3,
				"omitted":	false,
				"sender":	true
			}
		}, {
			"streams":	[{
					"socket":	5,
					"start":	2.000126,
					"end":	3.00015,
					"seconds":	1.0000239610671997,
					"bytes":	0,
					"bits_per_second":	0,
					"retransmits":	1,
					"snd_cwnd":	1448,
					"rtt":	12723,
					"rttvar":	129,
					"pmtu":	1500,
					"omitted":	false,
					"sender":	true
				}],
			"sum":	{
				"start":	2.000126,
				"end":	3.00015,
				"seconds":	1.0000239610671997,
				"bytes":	0,
				"bits_per_second":	0,
				"retransmits":	1,
				"omitted":	false,
				"sender":	true
			}
		}, {
			"streams":	[{
					"socket":	5,
					"start":	3.00015,
					"end":	4.000123,
					"seconds":	0.99997299909591675,
					"bytes":	0,
					"bits_per_second":	0,
					"retransmits":	0,
					"snd_cwnd":	1448,
					"rtt":	12723,
					"rttvar":	129,
					"pmtu":	1500,
					"omitted":	false,
					"sender":	true
				}],
			"sum":	{
				"start":	3.00015,
				"end":	4.000123,
				"seconds":	0.99997299909591675,
				"bytes":	0,
				"bits_per_second":	0,
				"retransmits":	0,
				"omitted":	false,
				"sender":	true
			}
		}, {
			"streams":	[{
					"socket":	5,
					"start":	4.000123,
					"end":	5.00015,
					"seconds":	1.0000269412994385,
					"bytes":	0,
					"bits_per_second":	0,
					"retransmits":	1,
					"snd_cwnd":	1448,
					"rtt":	12723,
					"rttvar":	129,
					"pmtu":	1500,
					"omitted":	false,
					"sender":	true
				}],
			"sum":	{
				"start":	4.000123,
				"end":	5.00015,
				"seconds":	1.0000269412994385,
				"bytes":	0,
				"bits_per_second":	0,
				"retransmits":	1,
				"omitted":	false,
				"sender":	true
			}
		}, {
			"streams":	[{
					"socket":	5,
					"start":	5.00015,
					"end":	6.000149,
					"seconds":	0.99999898672103882,
					"bytes":	0,
					"bits_per_second":	0,
					"retransmits":	0,
					"snd_cwnd":	1448,
					"rtt":	12723,
					"rttvar":	129,
					"pmtu":	1500,
					"omitted":	false,
					"sender":	true
				}],
			"sum":	{
				"start":	5.00015,
				"end":	6.000149,
				"seconds":	0.99999898672103882,
				"bytes":	0,
				"bits_per_second":	0,
				"retransmits":	0,
				"omitted":	false,
				"sender":	true
			}
		}, {
			"streams":	[{
					"socket":	5,
					"start":	6.000149,
					"end":	6.44127,
					"seconds":	0.44112101197242737,
					"bytes":	0,
					"bits_per_second":	0,
					"retransmits":	0,
					"snd_cwnd":	1448,
					"rtt":	12723,
					"rttvar":	129,
					"pmtu":	1500,
					"omitted":	false,
					"sender":	true
				}],
			"sum":	{
				"start":	6.000149,
				"end":	6.44127,
				"seconds":	0.44112101197242737,
				"bytes":	0,
				"bits_per_second":	0,
				"retransmits":	0,
				"omitted":	false,
				"sender":	true
			}
		}],
	"end":	{
		"streams":	[{
				"sender":	{
					"socket":	5,
					"start":	0,
					"end":	6.44127,
					"seconds":	6.44127,
					"bytes":	765408,
					"bits_per_second":	950629.9223600314,
					"retransmits":	5,
					"max_snd_cwnd":	137560,
					"max_rtt":	12723,
					"min_rtt":	12723,
					"mean_rtt":	12723,
					"sender":	true
				},
				"receiver":	{
					"socket":	5,
					"start":	0,
					"end":	6.44127,
					"seconds":	6.44127,
					"bytes":	0,
					"bits_per_second":	0,
					"sender":	true
				}
			}],
		"sum_sent":	{
			"start":	0,
			"end":	6.44127,
			"seconds":	6.44127,
			"bytes":	765408,
			"bits_per_second":	950629.9223600314,
			"retransmits":	5,
			"sender":	true
		},
		"sum_received":	{
			"start":	0,
			"end":	6.44127,
			"seconds":	6.44127,
			"bytes":	0,
			"bits_per_second":	0,
			"sender":	true
		},
		"cpu_utilization_percent":	{
			"host_total":	4.1480000111481239,
			"host_user":	2.06460151806476,
			"host_system":	2.0834449435982365,
			"remote_total":	0,
			"remote_user":	0,
			"remote_system":	0
		},
		"sender_tcp_congestion":	"cubic"
	},
	"error":	"interrupt - the client has terminated"
}
